client_id,frame,delay_ms,fps
0,1,601.23,1.663
0,2,424.781,2.354
0,3,509.15,1.964
0,4,340.106,2.94
0,5,595.32,1.68
0,6,375.518,2.663
0,7,448.862,2.228
0,8,462.269,2.163
0,9,498.14,2.007
0,10,296.146,3.377
0,11,438.298,2.282
0,12,395.219,2.53
0,13,351.141,2.848
0,14,507.664,1.97
0,15,347.241,2.88
0,16,436.411,2.291
0,17,397.266,2.517
0,18,368.988,2.71
0,19,407.561,2.454
0,20,351.73,2.843
0,21,217.424,4.599
0,22,392.018,2.551
0,23,333.419,2.999
0,24,338.525,2.954
0,25,351.17,2.848
0,26,460.528,2.171
0,27,406.739,2.459
0,28,392.871,2.545
0,29,431.431,2.318
0,30,334.842,2.986
0,31,462.835,2.161
0,32,351.948,2.841
0,33,246.229,4.061
0,34,334.79,2.987
0,35,447.464,2.235
0,36,430.455,2.323
0,37,464.048,2.155
0,38,449.37,2.225
0,39,403.084,2.481
0,40,446.705,2.239
0,41,379.909,2.632
0,42,385.878,2.591
0,43,399.92,2.5
0,44,451.152,2.217
0,45,377.117,2.652
0,46,322.568,3.1
0,47,483.43,2.069
0,48,353.716,2.827
0,49,559.606,1.787
0,50,316.993,3.155
0,51,371.553,2.691
0,52,422.168,2.369
0,53,384.908,2.598
0,54,464.78,2.152
0,55,384.891,2.598
0,56,353.906,2.826
0,57,396.849,2.52
0,58,416.337,2.402
0,59,329.521,3.035
0,60,257.11,3.889
0,61,310.777,3.218
0,62,433.658,2.306
0,63,433.716,2.306
0,64,337.059,2.967
0,65,498.141,2.007
0,66,359.935,2.778
0,67,368.1,2.717
0,68,433.915,2.305
0,69,406.829,2.458
0,70,368.157,2.716
0,71,410.783,2.434
0,72,563.961,1.773
0,73,427.159,2.341
0,74,427.169,2.341
0,75,649.615,1.539
0,76,438.216,2.282
0,77,390.149,2.563
0,78,322.848,3.097
0,79,326.829,3.06
0,80,599.37,1.668
0,81,456.098,2.193
0,82,278.793,3.587
0,83,558.323,1.791
0,84,335.713,2.979
0,85,305.186,3.277
0,86,441.001,2.268
0,87,578.412,1.729
0,88,330.691,3.024
0,89,352.671,2.836
0,90,374.865,2.668
0,91,338.62,2.953
0,92,419.382,2.384
0,93,301.878,3.313
0,94,452.903,2.208
0,95,446.472,2.24
0,96,717.682,1.393
0,97,425.521,2.35
0,98,405.21,2.468
0,99,548.375,1.824
0,100,451.343,2.216
0,101,361.173,2.769
0,102,361.062,2.77
0,103,469.018,2.132
0,104,381.148,2.624
0,105,477.182,2.096
0,106,506.486,1.974
0,107,382.389,2.615
0,108,388.595,2.573
0,109,365.105,2.739
0,110,380.681,2.627
0,111,414.508,2.412
0,112,414.053,2.415
0,113,342.496,2.92
0,114,366.01,2.732
0,115,422.551,2.367
0,116,498.868,2.005
0,117,476.202,2.1
0,118,324.005,3.086
0,119,628.734,1.59
0,120,503.009,1.988
0,121,361.63,2.765
0,122,365.048,2.739
0,123,446.297,2.241
0,124,476.921,2.097
0,125,504.845,1.981
0,126,508.343,1.967
0,127,366.384,2.729
0,128,432.392,2.313
0,129,335.203,2.983
0,130,456.95,2.188
0,131,503.212,1.987
0,132,400.934,2.494
0,133,554.581,1.803
0,134,368.041,2.717
0,135,471.749,2.12
0,136,423.78,2.36
0,137,363.948,2.748
0,138,420.099,2.38
0,139,268.987,3.718
0,140,351.255,2.847
0,141,461.755,2.166
0,142,420.086,2.38
0,143,520.715,1.92
0,144,331.415,3.017
0,145,357.453,2.798
0,146,402.309,2.486
0,147,559.543,1.787
0,148,343.926,2.908
0,149,454.665,2.199
0,150,455.896,2.193
0,151,346.48,2.886
1,1,540.048,1.852
1,2,485.273,2.061
1,3,418.97,2.387
1,4,366.157,2.731
1,5,407.721,2.453
1,6,381.812,2.619
1,7,479.222,2.087
1,8,374.804,2.668
1,9,321.0,3.115
1,10,351.136,2.848
1,11,382.724,2.613
1,12,374.674,2.669
1,13,339.966,2.941
1,14,568.992,1.757
1,15,436.226,2.292
1,16,320.883,3.116
1,17,283.358,3.529
1,18,371.333,2.693
1,19,344.272,2.905
1,20,396.099,2.525
1,21,541.325,1.847
1,22,506.533,1.974
1,23,416.886,2.399
1,24,282.982,3.534
1,25,442.52,2.26
1,26,608.003,1.645
1,27,430.64,2.322
1,28,470.305,2.126
1,29,449.343,2.225
1,30,302.601,3.305
1,31,332.414,3.008
1,32,449.193,2.226
1,33,391.357,2.555
1,34,398.023,2.512
1,35,398.591,2.509
1,36,421.741,2.371
1,37,497.364,2.011
1,38,507.667,1.97
1,39,302.686,3.304
1,40,367.901,2.718
1,41,408.35,2.449
1,42,309.987,3.226
1,43,346.763,2.884
1,44,407.972,2.451
1,45,250.991,3.984
1,46,391.905,2.552
1,47,322.901,3.097
1,48,446.758,2.238
1,49,413.777,2.417
1,50,467.455,2.139
1,51,376.971,2.653
1,52,520.27,1.922
1,53,440.533,2.27
1,54,443.617,2.254
1,55,464.34,2.154
1,56,348.874,2.866
1,57,471.276,2.122
1,58,510.924,1.957
1,59,660.817,1.513
1,60,423.647,2.36
1,61,452.718,2.209
1,62,422.043,2.369
1,63,416.892,2.399
1,64,386.361,2.588
1,65,357.835,2.795
1,66,323.189,3.094
1,67,322.446,3.101
1,68,357.651,2.796
1,69,538.483,1.857
1,70,381.759,2.619
1,71,380.182,2.63
1,72,397.774,2.514
1,73,325.036,3.077
1,74,342.865,2.917
1,75,622.664,1.606
1,76,473.538,2.112
1,77,491.337,2.035
1,78,513.97,1.946
1,79,385.915,2.591
1,80,373.968,2.674
1,81,535.592,1.867
1,82,475.593,2.103
1,83,309.473,3.231
1,84,420.458,2.378
1,85,488.644,2.046
1,86,385.312,2.595
1,87,504.348,1.983
1,88,537.896,1.859
1,89,412.27,2.426
1,90,326.952,3.059
1,91,371.047,2.695
1,92,442.767,2.259
1,93,370.314,2.7
1,94,291.289,3.433
1,95,400.838,2.495
1,96,463.23,2.159
1,97,559.403,1.788
1,98,464.036,2.155
1,99,503.63,1.986
1,100,470.784,2.124
1,101,339.865,2.942
1,102,544.561,1.836
1,103,452.494,2.21
1,104,539.743,1.853
1,105,393.52,2.541
1,106,442.199,2.261
1,107,414.65,2.412
1,108,427.722,2.338
1,109,451.252,2.216
1,110,354.568,2.82
1,111,489.615,2.042
1,112,439.653,2.275
1,113,411.258,2.432
1,114,351.238,2.847
1,115,502.476,1.99
1,116,377.234,2.651
1,117,372.356,2.686
1,118,496.833,2.013
1,119,443.897,2.253
1,120,533.332,1.875
1,121,543.784,1.839
1,122,433.725,2.306
1,123,409.373,2.443
1,124,497.637,2.009
1,125,446.395,2.24
1,126,477.955,2.092
1,127,471.588,2.12
1,128,427.066,2.342
1,129,414.362,2.413
1,130,397.192,2.518
1,131,357.161,2.8
1,132,271.611,3.682
1,133,391.637,2.553
1,134,651.164,1.536
1,135,535.199,1.868
1,136,371.403,2.692
1,137,360.755,2.772
1,138,457.134,2.188
1,139,375.635,2.662
1,140,383.404,2.608
1,141,575.047,1.739
1,142,389.811,2.565
1,143,411.103,2.432
1,144,407.453,2.454
1,145,388.615,2.573
1,146,303.502,3.295
1,147,481.131,2.078
1,148,287.17,3.482
1,149,194.9,5.131
1,150,115.613,8.65
1,151,77.205,12.953
2,1,343.713,2.909
2,2,388.756,2.572
2,3,362.948,2.755
2,4,293.112,3.412
2,5,354.554,2.82
2,6,480.075,2.083
2,7,397.313,2.517
2,8,401.448,2.491
2,9,362.682,2.757
2,10,341.137,2.931
2,11,402.515,2.484
2,12,411.05,2.433
2,13,461.157,2.168
2,14,407.565,2.454
2,15,402.124,2.487
2,16,352.328,2.838
2,17,305.977,3.268
2,18,405.309,2.467
2,19,489.685,2.042
2,20,401.714,2.489
2,21,464.082,2.155
2,22,517.577,1.932
2,23,403.686,2.477
2,24,444.883,2.248
2,25,367.866,2.718
2,26,362.771,2.757
2,27,525.333,1.904
2,28,274.226,3.647
2,29,291.354,3.432
2,30,361.707,2.765
2,31,434.299,2.303
2,32,304.952,3.279
2,33,320.868,3.117
2,34,355.068,2.816
2,35,280.001,3.571
2,36,393.277,2.543
2,37,366.938,2.725
2,38,542.945,1.842
2,39,346.799,2.884
2,40,512.784,1.95
2,41,461.726,2.166
2,42,411.079,2.433
2,43,406.68,2.459
2,44,612.883,1.632
2,45,394.044,2.538
2,46,364.061,2.747
2,47,302.357,3.307
2,48,385.918,2.591
2,49,427.907,2.337
2,50,337.265,2.965
2,51,426.186,2.346
2,52,410.978,2.433
2,53,346.435,2.887
2,54,444.393,2.25
2,55,423.632,2.361
2,56,445.26,2.246
2,57,379.474,2.635
2,58,350.029,2.857
2,59,287.31,3.481
2,60,587.843,1.701
2,61,489.379,2.043
2,62,324.341,3.083
2,63,299.119,3.343
2,64,395.138,2.531
2,65,460.388,2.172
2,66,423.808,2.36
2,67,460.407,2.172
2,68,401.786,2.489
2,69,376.93,2.653
2,70,573.729,1.743
2,71,380.48,2.628
2,72,437.313,2.287
2,73,403.913,2.476
2,74,349.067,2.865
2,75,609.286,1.641
2,76,380.715,2.627
2,77,395.733,2.527
2,78,489.213,2.044
2,79,398.786,2.508
2,80,401.964,2.488
2,81,409.505,2.442
2,82,343.026,2.915
2,83,494.42,2.023
2,84,515.043,1.942
2,85,438.879,2.279
2,86,441.422,2.265
2,87,342.306,2.921
2,88,449.62,2.224
2,89,424.162,2.358
2,90,374.726,2.669
2,91,438.404,2.281
2,92,504.894,1.981
2,93,404.575,2.472
2,94,506.641,1.974
2,95,415.189,2.409
2,96,423.603,2.361
2,97,304.716,3.282
2,98,485.461,2.06
2,99,429.277,2.329
2,100,486.38,2.056
2,101,428.616,2.333
2,102,388.21,2.576
2,103,550.836,1.815
2,104,393.022,2.544
2,105,373.534,2.677
2,106,376.673,2.655
2,107,386.016,2.591
2,108,374.111,2.673
2,109,398.541,2.509
2,110,439.609,2.275
2,111,424.496,2.356
2,112,482.66,2.072
2,113,338.866,2.951
2,114,408.053,2.451
2,115,456.723,2.19
2,116,336.713,2.97
2,117,374.402,2.671
2,118,626.424,1.596
2,119,495.947,2.016
2,120,353.838,2.826
2,121,487.234,2.052
2,122,506.456,1.975
2,123,312.331,3.202
2,124,341.697,2.927
2,125,385.519,2.594
2,126,529.058,1.89
2,127,325.621,3.071
2,128,399.449,2.503
2,129,363.567,2.751
2,130,302.123,3.31
2,131,478.388,2.09
2,132,373.658,2.676
2,133,381.771,2.619
2,134,372.48,2.685
2,135,386.815,2.585
2,136,516.276,1.937
2,137,503.467,1.986
2,138,374.869,2.668
2,139,479.662,2.085
2,140,369.84,2.704
2,141,338.511,2.954
2,142,378.17,2.644
2,143,335.411,2.981
2,144,349.025,2.865
2,145,449.285,2.226
2,146,354.863,2.818
2,147,341.381,2.929
2,148,429.523,2.328
2,149,433.764,2.305
2,150,469.172,2.131
2,151,423.416,2.362
3,1,421.785,2.371
3,2,481.881,2.075
3,3,351.448,2.845
3,4,351.397,2.846
3,5,490.86,2.037
3,6,364.922,2.74
3,7,415.134,2.409
3,8,326.409,3.064
3,9,367.057,2.724
3,10,344.187,2.905
3,11,371.181,2.694
3,12,494.116,2.024
3,13,382.604,2.614
3,14,586.242,1.706
3,15,419.717,2.383
3,16,354.753,2.819
3,17,374.117,2.673
3,18,470.393,2.126
3,19,395.275,2.53
3,20,339.656,2.944
3,21,456.132,2.192
3,22,468.832,2.133
3,23,372.105,2.687
3,24,362.831,2.756
3,25,406.085,2.463
3,26,448.258,2.231
3,27,626.623,1.596
3,28,404.745,2.471
3,29,342.309,2.921
3,30,463.266,2.159
3,31,422.339,2.368
3,32,430.098,2.325
3,33,338.294,2.956
3,34,424.243,2.357
3,35,393.875,2.539
3,36,467.587,2.139
3,37,504.438,1.982
3,38,502.51,1.99
3,39,390.004,2.564
3,40,361.115,2.769
3,41,367.783,2.719
3,42,520.736,1.92
3,43,446.154,2.241
3,44,342.107,2.923
3,45,450.811,2.218
3,46,404.114,2.475
3,47,456.4,2.191
3,48,388.393,2.575
3,49,443.13,2.257
3,50,464.232,2.154
3,51,443.274,2.256
3,52,416.167,2.403
3,53,402.42,2.485
3,54,324.37,3.083
3,55,432.671,2.311
3,56,430.248,2.324
3,57,441.568,2.265
3,58,319.961,3.125
3,59,437.668,2.285
3,60,459.676,2.175
3,61,416.138,2.403
3,62,346.383,2.887
3,63,482.054,2.074
3,64,465.519,2.148
3,65,383.387,2.608
3,66,354.977,2.817
3,67,347.334,2.879
3,68,382.32,2.616
3,69,378.638,2.641
3,70,456.889,2.189
3,71,289.712,3.452
3,72,410.098,2.438
3,73,418.999,2.387
3,74,510.488,1.959
3,75,470.757,2.124
3,76,382.632,2.613
3,77,349.702,2.86
3,78,430.573,2.322
3,79,404.213,2.474
3,80,295.054,3.389
3,81,354.859,2.818
3,82,466.275,2.145
3,83,371.935,2.689
3,84,462.368,2.163
3,85,537.948,1.859
3,86,446.886,2.238
3,87,387.47,2.581
3,88,481.396,2.077
3,89,443.345,2.256
3,90,442.304,2.261
3,91,391.27,2.556
3,92,359.06,2.785
3,93,358.382,2.79
3,94,386.185,2.589
3,95,382.947,2.611
3,96,380.979,2.625
3,97,501.333,1.995
3,98,508.652,1.966
3,99,469.828,2.128
3,100,465.295,2.149
3,101,417.591,2.395
3,102,502.128,1.992
3,103,429.278,2.329
3,104,498.473,2.006
3,105,417.928,2.393
3,106,493.861,2.025
3,107,543.923,1.838
3,108,415.621,2.406
3,109,402.324,2.486
3,110,392.966,2.545
3,111,409.785,2.44
3,112,369.125,2.709
3,113,471.097,2.123
3,114,420.474,2.378
3,115,401.176,2.493
3,116,471.826,2.119
3,117,401.865,2.488
3,118,390.116,2.563
3,119,436.254,2.292
3,120,538.843,1.856
3,121,512.566,1.951
3,122,448.235,2.231
3,123,459.628,2.176
3,124,510.698,1.958
3,125,488.279,2.048
3,126,457.69,2.185
3,127,480.833,2.08
3,128,367.636,2.72
3,129,415.789,2.405
3,130,352.069,2.84
3,131,458.349,2.182
3,132,326.13,3.066
3,133,315.684,3.168
3,134,646.274,1.547
3,135,520.948,1.92
3,136,631.888,1.583
3,137,380.211,2.63
3,138,452.163,2.212
3,139,534.283,1.872
3,140,482.677,2.072
3,141,338.938,2.95
3,142,424.828,2.354
3,143,470.148,2.127
3,144,343.144,2.914
3,145,374.419,2.671
3,146,422.887,2.365
3,147,227.77,4.39
3,148,191.112,5.233
3,149,175.166,5.709
3,150,157.361,6.355
3,151,82.203,12.165
4,1,369.704,2.705
4,2,481.154,2.078
4,3,329.541,3.035
4,4,413.359,2.419
4,5,373.309,2.679
4,6,388.97,2.571
4,7,290.21,3.446
4,8,312.412,3.201
4,9,448.307,2.231
4,10,410.329,2.437
4,11,326.978,3.058
4,12,465.082,2.15
4,13,426.983,2.342
4,14,345.498,2.894
4,15,348.853,2.867
4,16,338.222,2.957
4,17,454.152,2.202
4,18,483.637,2.068
4,19,312.368,3.201
4,20,435.031,2.299
4,21,427.073,2.342
4,22,392.248,2.549
4,23,449.497,2.225
4,24,372.026,2.688
4,25,583.511,1.714
4,26,372.28,2.686
4,27,327.198,3.056
4,28,404.879,2.47
4,29,452.144,2.212
4,30,362.505,2.759
4,31,508.823,1.965
4,32,489.952,2.041
4,33,329.636,3.034
4,34,362.203,2.761
4,35,381.722,2.62
4,36,614.971,1.626
4,37,427.064,2.342
4,38,265.2,3.771
4,39,465.752,2.147
4,40,375.83,2.661
4,41,469.807,2.129
4,42,384.494,2.601
4,43,293.997,3.401
4,44,485.203,2.061
4,45,430.756,2.321
4,46,391.474,2.554
4,47,415.939,2.404
4,48,474.131,2.109
4,49,372.682,2.683
4,50,359.887,2.779
4,51,283.993,3.521
4,52,454.274,2.201
4,53,339.544,2.945
4,54,483.024,2.07
4,55,492.292,2.031
4,56,289.399,3.455
4,57,396.666,2.521
4,58,302.791,3.303
4,59,344.899,2.899
4,60,393.737,2.54
4,61,425.901,2.348
4,62,480.373,2.082
4,63,370.154,2.702
4,64,441.912,2.263
4,65,525.432,1.903
4,66,483.447,2.068
4,67,475.284,2.104
4,68,385.881,2.591
4,69,546.778,1.829
4,70,395.344,2.529
4,71,352.603,2.836
4,72,328.479,3.044
4,73,302.603,3.305
4,74,366.887,2.726
4,75,365.493,2.736
4,76,444.487,2.25
4,77,493.693,2.026
4,78,435.628,2.296
4,79,456.242,2.192
4,80,354.971,2.817
4,81,411.532,2.43
4,82,403.165,2.48
4,83,416.473,2.401
4,84,376.182,2.658
4,85,496.558,2.014
4,86,493.382,2.027
4,87,353.855,2.826
4,88,438.158,2.282
4,89,424.452,2.356
4,90,468.322,2.135
4,91,405.816,2.464
4,92,401.291,2.492
4,93,444.164,2.251
4,94,403.768,2.477
4,95,363.156,2.754
4,96,392.218,2.55
4,97,386.788,2.585
4,98,472.267,2.117
4,99,482.699,2.072
4,100,427.461,2.339
4,101,291.972,3.425
4,102,332.203,3.01
4,103,354.151,2.824
4,104,577.273,1.732
4,105,441.949,2.263
4,106,487.926,2.049
4,107,448.672,2.229
4,108,406.617,2.459
4,109,543.475,1.84
4,110,381.712,2.62
4,111,470.288,2.126
4,112,405.46,2.466
4,113,342.254,2.922
4,114,426.635,2.344
4,115,462.502,2.162
4,116,401.885,2.488
4,117,386.931,2.584
4,118,453.899,2.203
4,119,420.266,2.379
4,120,452.628,2.209
4,121,385.864,2.592
4,122,459.733,2.175
4,123,427.066,2.342
4,124,402.667,2.483
4,125,496.659,2.013
4,126,417.082,2.398
4,127,355.057,2.816
4,128,403.847,2.476
4,129,362.617,2.758
4,130,387.396,2.581
4,131,453.82,2.204
4,132,387.303,2.582
4,133,483.447,2.068
4,134,379.357,2.636
4,135,448.047,2.232
4,136,348.948,2.866
4,137,374.64,2.669
4,138,486.375,2.056
4,139,415.068,2.409
4,140,552.63,1.81
4,141,509.338,1.963
4,142,360.705,2.772
4,143,350.574,2.852
4,144,497.464,2.01
4,145,342.771,2.917
4,146,356.388,2.806
4,147,406.477,2.46
4,148,363.806,2.749
4,149,441.811,2.263
4,150,425.543,2.35
4,151,327.271,3.056
5,1,379.878,2.632
5,2,402.288,2.486
5,3,395.584,2.528
5,4,430.947,2.32
5,5,420.137,2.38
5,6,296.172,3.376
5,7,345.733,2.892
5,8,426.252,2.346
5,9,420.698,2.377
5,10,549.141,1.821
5,11,375.764,2.661
5,12,259.931,3.847
5,13,279.393,3.579
5,14,468.497,2.134
5,15,345.315,2.896
5,16,268.122,3.73
5,17,426.767,2.343
5,18,432.054,2.315
5,19,428.376,2.334
5,20,433.902,2.305
5,21,407.485,2.454
5,22,494.966,2.02
5,23,311.433,3.211
5,24,368.357,2.715
5,25,367.94,2.718
5,26,528.496,1.892
5,27,314.041,3.184
5,28,416.749,2.4
5,29,402.047,2.487
5,30,386.243,2.589
5,31,336.635,2.971
5,32,392.608,2.547
5,33,369.099,2.709
5,34,310.079,3.225
5,35,215.735,4.635
5,36,428.787,2.332
5,37,328.981,3.04
5,38,566.959,1.764
5,39,548.012,1.825
5,40,530.19,1.886
5,41,543.15,1.841
5,42,470.272,2.126
5,43,428.459,2.334
5,44,497.327,2.011
5,45,368.636,2.713
5,46,409.909,2.44
5,47,473.119,2.114
5,48,431.116,2.32
5,49,483.426,2.069
5,50,337.123,2.966
5,51,349.821,2.859
5,52,462.21,2.164
5,53,431.952,2.315
5,54,400.039,2.5
5,55,325.408,3.073
5,56,445.27,2.246
5,57,351.872,2.842
5,58,321.903,3.107
5,59,469.768,2.129
5,60,458.968,2.179
5,61,509.075,1.964
5,62,453.898,2.203
5,63,351.54,2.845
5,64,545.008,1.835
5,65,365.158,2.739
5,66,409.41,2.443
5,67,470.791,2.124
5,68,347.093,2.881
5,69,611.636,1.635
5,70,489.351,2.044
5,71,441.265,2.266
5,72,425.237,2.352
5,73,361.354,2.767
5,74,316.076,3.164
5,75,394.872,2.532
5,76,371.683,2.69
5,77,377.754,2.647
5,78,298.785,3.347
5,79,399.751,2.502
5,80,372.551,2.684
5,81,368.425,2.714
5,82,470.012,2.128
5,83,311.521,3.21
5,84,424.598,2.355
5,85,527.995,1.894
5,86,515.23,1.941
5,87,418.535,2.389
5,88,496.657,2.013
5,89,363.565,2.751
5,90,487.647,2.051
5,91,402.094,2.487
5,92,414.58,2.412
5,93,405.173,2.468
5,94,413.914,2.416
5,95,392.161,2.55
5,96,434.983,2.299
5,97,489.177,2.044
5,98,442.838,2.258
5,99,413.014,2.421
5,100,468.665,2.134
5,101,495.64,2.018
5,102,316.908,3.155
5,103,483.369,2.069
5,104,457.827,2.184
5,105,485.556,2.059
5,106,605.57,1.651
5,107,448.791,2.228
5,108,415.862,2.405
5,109,330.04,3.03
5,110,374.446,2.671
5,111,436.118,2.293
5,112,380.922,2.625
5,113,412.077,2.427
5,114,406.665,2.459
5,115,471.969,2.119
5,116,328.89,3.041
5,117,591.302,1.691
5,118,419.81,2.382
5,119,446.501,2.24
5,120,505.488,1.978
5,121,433.794,2.305
5,122,450.369,2.22
5,123,475.526,2.103
5,124,537.74,1.86
5,125,382.38,2.615
5,126,514.056,1.945
5,127,430.558,2.323
5,128,425.139,2.352
5,129,422.581,2.366
5,130,356.746,2.803
5,131,532.291,1.879
5,132,354.422,2.821
5,133,415.004,2.41
5,134,436.625,2.29
5,135,306.065,3.267
5,136,474.434,2.108
5,137,332.516,3.007
5,138,288.872,3.462
5,139,385.653,2.593
5,140,494.985,2.02
5,141,436.162,2.293
5,142,414.102,2.415
5,143,361.544,2.766
5,144,364.866,2.741
5,145,237.195,4.216
5,146,324.378,3.083
5,147,466.956,2.142
5,148,529.249,1.889
5,149,427.002,2.342
5,150,322.741,3.098
5,151,261.651,3.822
6,1,508.701,1.966
6,2,421.795,2.371
6,3,466.355,2.144
6,4,422.363,2.368
6,5,421.024,2.375
6,6,388.587,2.573
6,7,428.156,2.336
6,8,404.495,2.472
6,9,341.824,2.925
6,10,302.979,3.301
6,11,475.147,2.105
6,12,362.551,2.758
6,13,429.325,2.329
6,14,355.274,2.815
6,15,356.123,2.808
6,16,360.541,2.774
6,17,436.212,2.292
6,18,360.511,2.774
6,19,339.009,2.95
6,20,279.864,3.573
6,21,377.707,2.648
6,22,339.01,2.95
6,23,298.255,3.353
6,24,430.861,2.321
6,25,364.841,2.741
6,26,361.651,2.765
6,27,281.571,3.551
6,28,380.89,2.625
6,29,294.801,3.392
6,30,394.925,2.532
6,31,451.375,2.215
6,32,353.454,2.829
6,33,410.519,2.436
6,34,389.757,2.566
6,35,506.245,1.975
6,36,434.744,2.3
6,37,326.028,3.067
6,38,360.991,2.77
6,39,570.258,1.754
6,40,363.381,2.752
6,41,465.96,2.146
6,42,455.876,2.194
6,43,483.027,2.07
6,44,467.375,2.14
6,45,398.779,2.508
6,46,388.602,2.573
6,47,358.73,2.788
6,48,416.977,2.398
6,49,406.384,2.461
6,50,449.977,2.222
6,51,377.53,2.649
6,52,336.63,2.971
6,53,591.306,1.691
6,54,342.964,2.916
6,55,496.237,2.015
6,56,317.081,3.154
6,57,336.662,2.97
6,58,512.039,1.953
6,59,361.924,2.763
6,60,493.179,2.028
6,61,404.597,2.472
6,62,461.652,2.166
6,63,418.831,2.388
6,64,407.035,2.457
6,65,297.577,3.36
6,66,505.816,1.977
6,67,325.703,3.07
6,68,438.46,2.281
6,69,443.57,2.254
6,70,370.697,2.698
6,71,416.085,2.403
6,72,487.376,2.052
6,73,296.848,3.369
6,74,515.043,1.942
6,75,488.63,2.047
6,76,352.74,2.835
6,77,378.774,2.64
6,78,352.244,2.839
6,79,557.735,1.793
6,80,373.795,2.675
6,81,376.529,2.656
6,82,402.842,2.482
6,83,473.515,2.112
6,84,372.896,2.682
6,85,462.319,2.163
6,86,385.901,2.591
6,87,292.126,3.423
6,88,498.622,2.006
6,89,508.534,1.966
6,90,368.32,2.715
6,91,376.507,2.656
6,92,330.091,3.029
6,93,452.591,2.209
6,94,435.825,2.294
6,95,359.081,2.785
6,96,485.024,2.062
6,97,451.426,2.215
6,98,400.722,2.495
6,99,433.189,2.308
6,100,456.962,2.188
6,101,390.505,2.561
6,102,470.997,2.123
6,103,529.923,1.887
6,104,396.858,2.52
6,105,478.0,2.092
6,106,409.925,2.439
6,107,329.587,3.034
6,108,500.753,1.997
6,109,420.625,2.377
6,110,510.516,1.959
6,111,364.555,2.743
6,112,409.521,2.442
6,113,480.473,2.081
6,114,355.677,2.812
6,115,393.487,2.541
6,116,416.221,2.403
6,117,394.645,2.534
6,118,405.162,2.468
6,119,431.069,2.32
6,120,320.442,3.121
6,121,438.639,2.28
6,122,405.829,2.464
6,123,401.498,2.491
6,124,463.748,2.156
6,125,373.44,2.678
6,126,568.126,1.76
6,127,463.684,2.157
6,128,371.985,2.688
6,129,471.007,2.123
6,130,536.728,1.863
6,131,370.497,2.699
6,132,438.746,2.279
6,133,385.662,2.593
6,134,594.035,1.683
6,135,472.109,2.118
6,136,396.538,2.522
6,137,611.603,1.635
6,138,481.148,2.078
6,139,444.664,2.249
6,140,388.408,2.575
6,141,530.196,1.886
6,142,333.116,3.002
6,143,394.841,2.533
6,144,453.767,2.204
6,145,397.687,2.515
6,146,310.656,3.219
6,147,521.887,1.916
6,148,394.083,2.538
6,149,406.12,2.462
6,150,425.826,2.348
6,151,304.558,3.283
7,1,467.998,2.137
7,2,489.653,2.042
7,3,383.067,2.611
7,4,393.328,2.542
7,5,413.408,2.419
7,6,404.818,2.47
7,7,383.95,2.605
7,8,364.414,2.744
7,9,370.204,2.701
7,10,401.493,2.491
7,11,404.942,2.469
7,12,251.423,3.977
7,13,360.941,2.771
7,14,418.797,2.388
7,15,339.601,2.945
7,16,333.273,3.001
7,17,488.851,2.046
7,18,406.357,2.461
7,19,399.407,2.504
7,20,338.241,2.956
7,21,375.999,2.66
7,22,372.074,2.688
7,23,486.474,2.056
7,24,433.17,2.309
7,25,319.674,3.128
7,26,414.249,2.414
7,27,461.723,2.166
7,28,428.302,2.335
7,29,427.905,2.337
7,30,444.862,2.248
7,31,275.81,3.626
7,32,384.675,2.6
7,33,415.444,2.407
7,34,392.354,2.549
7,35,380.152,2.631
7,36,415.206,2.408
7,37,468.177,2.136
7,38,480.283,2.082
7,39,331.729,3.015
7,40,406.224,2.462
7,41,445.146,2.246
7,42,394.316,2.536
7,43,435.514,2.296
7,44,370.557,2.699
7,45,365.938,2.733
7,46,425.993,2.347
7,47,462.364,2.163
7,48,397.035,2.519
7,49,462.676,2.161
7,50,395.452,2.529
7,51,439.524,2.275
7,52,475.88,2.101
7,53,454.08,2.202
7,54,416.755,2.399
7,55,400.93,2.494
7,56,372.049,2.688
7,57,409.265,2.443
7,58,449.055,2.227
7,59,522.029,1.916
7,60,451.506,2.215
7,61,313.613,3.189
7,62,535.435,1.868
7,63,406.262,2.461
7,64,401.183,2.493
7,65,349.004,2.865
7,66,343.932,2.908
7,67,459.257,2.177
7,68,682.818,1.465
7,69,357.782,2.795
7,70,283.27,3.53
7,71,552.271,1.811
7,72,548.333,1.824
7,73,388.239,2.576
7,74,381.308,2.623
7,75,401.006,2.494
7,76,511.371,1.956
7,77,459.931,2.174
7,78,433.92,2.305
7,79,411.578,2.43
7,80,329.611,3.034
7,81,619.582,1.614
7,82,478.7,2.089
7,83,370.529,2.699
7,84,434.364,2.302
7,85,385.824,2.592
7,86,307.789,3.249
7,87,400.036,2.5
7,88,377.927,2.646
7,89,354.116,2.824
7,90,503.86,1.985
7,91,536.853,1.863
7,92,421.122,2.375
7,93,370.954,2.696
7,94,400.87,2.495
7,95,334.528,2.989
7,96,342.204,2.922
7,97,425.528,2.35
7,98,292.168,3.423
7,99,375.072,2.666
7,100,393.296,2.543
7,101,356.383,2.806
7,102,350.912,2.85
7,103,317.625,3.148
7,104,391.924,2.552
7,105,352.139,2.84
7,106,542.743,1.842
7,107,321.796,3.108
7,108,432.155,2.314
7,109,404.492,2.472
7,110,436.967,2.289
7,111,348.947,2.866
7,112,424.905,2.353
7,113,448.303,2.231
7,114,420.145,2.38
7,115,460.382,2.172
7,116,429.321,2.329
7,117,366.405,2.729
7,118,280.044,3.571
7,119,437.237,2.287
7,120,454.839,2.199
7,121,508.0,1.969
7,122,482.462,2.073
7,123,409.537,2.442
7,124,358.512,2.789
7,125,380.365,2.629
7,126,460.662,2.171
7,127,474.689,2.107
7,128,433.15,2.309
7,129,589.078,1.698
7,130,442.41,2.26
7,131,428.658,2.333
7,132,395.4,2.529
7,133,319.425,3.131
7,134,397.64,2.515
7,135,425.908,2.348
7,136,571.706,1.749
7,137,389.537,2.567
7,138,430.86,2.321
7,139,372.885,2.682
7,140,420.799,2.376
7,141,360.939,2.771
7,142,423.789,2.36
7,143,383.52,2.607
7,144,395.639,2.528
7,145,471.154,2.122
7,146,377.068,2.652
7,147,516.39,1.937
7,148,425.63,2.349
7,149,383.983,2.604
7,150,321.505,3.11
7,151,367.064,2.724
8,1,351.384,2.846
8,2,407.816,2.452
8,3,342.095,2.923
8,4,437.673,2.285
8,5,345.947,2.891
8,6,465.55,2.148
8,7,423.093,2.364
8,8,325.529,3.072
8,9,240.932,4.151
8,10,468.083,2.136
8,11,336.923,2.968
8,12,381.94,2.618
8,13,359.239,2.784
8,14,351.305,2.847
8,15,326.391,3.064
8,16,404.26,2.474
8,17,441.001,2.268
8,18,336.31,2.973
8,19,302.511,3.306
8,20,367.641,2.72
8,21,343.885,2.908
8,22,463.631,2.157
8,23,466.185,2.145
8,24,392.631,2.547
8,25,389.721,2.566
8,26,540.076,1.852
8,27,476.278,2.1
8,28,373.256,2.679
8,29,398.369,2.51
8,30,355.859,2.81
8,31,387.106,2.583
8,32,400.304,2.498
8,33,436.818,2.289
8,34,396.51,2.522
8,35,481.051,2.079
8,36,425.263,2.351
8,37,559.188,1.788
8,38,427.197,2.341
8,39,480.834,2.08
8,40,349.318,2.863
8,41,522.646,1.913
8,42,431.449,2.318
8,43,495.053,2.02
8,44,314.1,3.184
8,45,477.763,2.093
8,46,353.892,2.826
8,47,426.242,2.346
8,48,312.13,3.204
8,49,449.296,2.226
8,50,411.69,2.429
8,51,433.683,2.306
8,52,450.325,2.221
8,53,474.619,2.107
8,54,352.123,2.84
8,55,461.934,2.165
8,56,388.815,2.572
8,57,295.054,3.389
8,58,336.608,2.971
8,59,644.596,1.551
8,60,377.475,2.649
8,61,383.741,2.606
8,62,431.272,2.319
8,63,446.019,2.242
8,64,628.393,1.591
8,65,396.907,2.519
8,66,424.554,2.355
8,67,350.916,2.85
8,68,534.613,1.871
8,69,379.511,2.635
8,70,462.865,2.16
8,71,537.447,1.861
8,72,385.168,2.596
8,73,447.71,2.234
8,74,366.602,2.728
8,75,483.642,2.068
8,76,440.96,2.268
8,77,474.159,2.109
8,78,349.058,2.865
8,79,362.201,2.761
8,80,626.332,1.597
8,81,472.571,2.116
8,82,368.929,2.711
8,83,287.963,3.473
8,84,483.297,2.069
8,85,418.053,2.392
8,86,513.835,1.946
8,87,404.766,2.471
8,88,528.211,1.893
8,89,356.883,2.802
8,90,502.19,1.991
8,91,415.904,2.404
8,92,440.91,2.268
8,93,417.064,2.398
8,94,596.317,1.677
8,95,342.128,2.923
8,96,374.669,2.669
8,97,385.085,2.597
8,98,372.083,2.688
8,99,442.668,2.259
8,100,358.743,2.788
8,101,570.65,1.752
8,102,459.194,2.178
8,103,324.692,3.08
8,104,393.096,2.544
8,105,396.925,2.519
8,106,439.457,2.276
8,107,379.588,2.634
8,108,432.269,2.313
8,109,440.656,2.269
8,110,383.945,2.605
8,111,404.757,2.471
8,112,404.802,2.47
8,113,445.182,2.246
8,114,365.402,2.737
8,115,419.599,2.383
8,116,307.752,3.249
8,117,433.593,2.306
8,118,438.386,2.281
8,119,297.896,3.357
8,120,411.914,2.428
8,121,298.144,3.354
8,122,456.23,2.192
8,123,403.784,2.477
8,124,459.033,2.178
8,125,547.61,1.826
8,126,513.618,1.947
8,127,499.616,2.002
8,128,551.319,1.814
8,129,571.806,1.749
8,130,327.124,3.057
8,131,520.434,1.921
8,132,359.358,2.783
8,133,368.233,2.716
8,134,426.481,2.345
8,135,513.181,1.949
8,136,471.631,2.12
8,137,434.447,2.302
8,138,529.714,1.888
8,139,386.142,2.59
8,140,405.076,2.469
8,141,491.025,2.037
8,142,522.645,1.913
8,143,558.471,1.791
8,144,355.086,2.816
8,145,426.758,2.343
8,146,230.646,4.336
8,147,284.888,3.51
8,148,318.331,3.141
8,149,264.63,3.779
8,150,135.718,7.368
8,151,91.427,10.938
9,1,495.66,2.018
9,2,512.343,1.952
9,3,308.513,3.241
9,4,396.321,2.523
9,5,384.784,2.599
9,6,325.042,3.077
9,7,210.466,4.751
9,8,269.813,3.706
9,9,574.962,1.739
9,10,257.553,3.883
9,11,251.675,3.973
9,12,514.74,1.943
9,13,318.432,3.14
9,14,403.767,2.477
9,15,389.021,2.571
9,16,292.703,3.416
9,17,494.023,2.024
9,18,450.812,2.218
9,19,361.882,2.763
9,20,470.41,2.126
9,21,331.246,3.019
9,22,295.716,3.382
9,23,358.906,2.786
9,24,422.085,2.369
9,25,303.411,3.296
9,26,376.29,2.658
9,27,355.149,2.816
9,28,497.488,2.01
9,29,356.442,2.806
9,30,327.827,3.05
9,31,432.502,2.312
9,32,377.533,2.649
9,33,488.139,2.049
9,34,396.533,2.522
9,35,430.083,2.325
9,36,492.437,2.031
9,37,413.712,2.417
9,38,518.735,1.928
9,39,412.587,2.424
9,40,305.331,3.275
9,41,400.111,2.499
9,42,503.614,1.986
9,43,269.389,3.712
9,44,447.487,2.235
9,45,473.438,2.112
9,46,370.764,2.697
9,47,465.596,2.148
9,48,349.045,2.865
9,49,363.567,2.751
9,50,551.028,1.815
9,51,402.14,2.487
9,52,396.517,2.522
9,53,376.584,2.655
9,54,318.855,3.136
9,55,345.6,2.894
9,56,417.18,2.397
9,57,395.959,2.526
9,58,397.382,2.516
9,59,367.305,2.723
9,60,398.934,2.507
9,61,391.244,2.556
9,62,454.904,2.198
9,63,437.729,2.285
9,64,589.13,1.697
9,65,567.216,1.763
9,66,324.095,3.086
9,67,444.086,2.252
9,68,468.799,2.133
9,69,388.816,2.572
9,70,299.241,3.342
9,71,520.204,1.922
9,72,536.302,1.865
9,73,484.958,2.062
9,74,337.48,2.963
9,75,468.202,2.136
9,76,422.189,2.369
9,77,327.434,3.054
9,78,311.78,3.207
9,79,476.387,2.099
9,80,455.571,2.195
9,81,389.819,2.565
9,82,353.621,2.828
9,83,611.817,1.634
9,84,488.578,2.047
9,85,300.044,3.333
9,86,312.031,3.205
9,87,421.383,2.373
9,88,379.012,2.638
9,89,542.735,1.843
9,90,420.881,2.376
9,91,335.794,2.978
9,92,489.857,2.041
9,93,424.825,2.354
9,94,490.813,2.037
9,95,441.0,2.268
9,96,507.162,1.972
9,97,409.875,2.44
9,98,401.231,2.492
9,99,469.55,2.13
9,100,344.339,2.904
9,101,419.551,2.384
9,102,432.379,2.313
9,103,435.038,2.299
9,104,468.422,2.135
9,105,464.861,2.151
9,106,535.846,1.866
9,107,467.303,2.14
9,108,414.828,2.411
9,109,592.495,1.688
9,110,310.873,3.217
9,111,450.574,2.219
9,112,389.282,2.569
9,113,491.367,2.035
9,114,444.591,2.249
9,115,375.049,2.666
9,116,322.954,3.096
9,117,454.468,2.2
9,118,351.616,2.844
9,119,442.292,2.261
9,120,449.73,2.224
9,121,475.208,2.104
9,122,509.481,1.963
9,123,326.13,3.066
9,124,403.235,2.48
9,125,255.993,3.906
9,126,356.121,2.808
9,127,468.111,2.136
9,128,238.552,4.192
9,129,490.461,2.039
9,130,356.552,2.805
9,131,413.334,2.419
9,132,466.236,2.145
9,133,418.555,2.389
9,134,514.539,1.943
9,135,496.879,2.013
9,136,434.146,2.303
9,137,523.405,1.911
9,138,476.025,2.101
9,139,382.195,2.616
9,140,387.323,2.582
9,141,290.05,3.448
9,142,297.366,3.363
9,143,461.231,2.168
9,144,435.15,2.298
9,145,545.153,1.834
9,146,380.184,2.63
9,147,524.465,1.907
9,148,367.26,2.723
9,149,506.736,1.973
9,150,424.251,2.357
9,151,340.376,2.938
10,1,623.887,1.603
10,2,451.495,2.215
10,3,533.712,1.874
10,4,302.58,3.305
10,5,387.261,2.582
10,6,446.348,2.24
10,7,329.167,3.038
10,8,346.076,2.89
10,9,408.337,2.449
10,10,368.062,2.717
10,11,420.41,2.379
10,12,459.936,2.174
10,13,440.505,2.27
10,14,292.079,3.424
10,15,408.349,2.449
10,16,301.437,3.317
10,17,469.433,2.13
10,18,409.598,2.441
10,19,579.081,1.727
10,20,330.616,3.025
10,21,373.975,2.674
10,22,381.063,2.624
10,23,465.597,2.148
10,24,326.46,3.063
10,25,396.629,2.521
10,26,509.352,1.963
10,27,287.169,3.482
10,28,355.461,2.813
10,29,376.234,2.658
10,30,449.656,2.224
10,31,496.084,2.016
10,32,338.285,2.956
10,33,469.663,2.129
10,34,393.28,2.543
10,35,397.074,2.518
10,36,383.514,2.607
10,37,468.21,2.136
10,38,475.101,2.105
10,39,487.914,2.05
10,40,397.381,2.516
10,41,479.815,2.084
10,42,330.715,3.024
10,43,410.571,2.436
10,44,457.499,2.186
10,45,439.736,2.274
10,46,398.979,2.506
10,47,298.918,3.345
10,48,359.471,2.782
10,49,462.782,2.161
10,50,360.127,2.777
10,51,386.567,2.587
10,52,356.47,2.805
10,53,413.632,2.418
10,54,438.699,2.279
10,55,437.627,2.285
10,56,397.069,2.518
10,57,358.489,2.789
10,58,379.076,2.638
10,59,631.079,1.585
10,60,480.218,2.082
10,61,403.314,2.479
10,62,513.01,1.949
10,63,448.722,2.229
10,64,434.208,2.303
10,65,408.809,2.446
10,66,422.557,2.367
10,67,365.245,2.738
10,68,368.502,2.714
10,69,264.567,3.78
10,70,480.089,2.083
10,71,466.577,2.143
10,72,487.845,2.05
10,73,458.355,2.182
10,74,422.391,2.367
10,75,336.151,2.975
10,76,555.199,1.801
10,77,369.931,2.703
10,78,395.707,2.527
10,79,426.56,2.344
10,80,417.995,2.392
10,81,572.576,1.746
10,82,362.362,2.76
10,83,366.245,2.73
10,84,452.201,2.211
10,85,394.485,2.535
10,86,344.832,2.9
10,87,425.244,2.352
10,88,391.03,2.557
10,89,354.575,2.82
10,90,516.247,1.937
10,91,458.236,2.182
10,92,416.059,2.404
10,93,435.18,2.298
10,94,444.761,2.248
10,95,350.802,2.851
10,96,398.774,2.508
10,97,430.577,2.322
10,98,416.589,2.4
10,99,321.516,3.11
10,100,340.829,2.934
10,101,496.149,2.016
10,102,341.926,2.925
10,103,494.987,2.02
10,104,436.578,2.291
10,105,393.542,2.541
10,106,309.895,3.227
10,107,347.239,2.88
10,108,406.074,2.463
10,109,432.55,2.312
10,110,391.363,2.555
10,111,482.092,2.074
10,112,474.007,2.11
10,113,420.033,2.381
10,114,421.854,2.37
10,115,429.361,2.329
10,116,396.123,2.524
10,117,421.207,2.374
10,118,413.952,2.416
10,119,447.462,2.235
10,120,257.81,3.879
10,121,352.024,2.841
10,122,428.177,2.335
10,123,338.443,2.955
10,124,423.267,2.363
10,125,570.636,1.752
10,126,391.661,2.553
10,127,488.628,2.047
10,128,449.676,2.224
10,129,471.234,2.122
10,130,467.559,2.139
10,131,490.859,2.037
10,132,402.844,2.482
10,133,479.413,2.086
10,134,362.712,2.757
10,135,487.365,2.052
10,136,326.053,3.067
10,137,404.835,2.47
10,138,550.664,1.816
10,139,375.756,2.661
10,140,496.352,2.015
10,141,291.001,3.436
10,142,374.921,2.667
10,143,373.43,2.678
10,144,478.872,2.088
10,145,368.348,2.715
10,146,382.678,2.613
10,147,318.717,3.138
10,148,406.835,2.458
10,149,345.876,2.891
10,150,297.596,3.36
10,151,378.614,2.641
11,1,397.997,2.513
11,2,500.935,1.996
11,3,396.72,2.521
11,4,298.128,3.354
11,5,483.612,2.068
11,6,416.598,2.4
11,7,409.145,2.444
11,8,352.386,2.838
11,9,419.555,2.383
11,10,358.069,2.793
11,11,337.482,2.963
11,12,412.108,2.427
11,13,430.335,2.324
11,14,357.222,2.799
11,15,444.837,2.248
11,16,398.081,2.512
11,17,391.554,2.554
11,18,387.782,2.579
11,19,439.434,2.276
11,20,371.31,2.693
11,21,458.691,2.18
11,22,488.088,2.049
11,23,402.641,2.484
11,24,490.293,2.04
11,25,389.299,2.569
11,26,409.877,2.44
11,27,452.616,2.209
11,28,373.07,2.68
11,29,543.435,1.84
11,30,380.801,2.626
11,31,445.326,2.246
11,32,494.912,2.021
11,33,452.265,2.211
11,34,373.848,2.675
11,35,340.559,2.936
11,36,558.918,1.789
11,37,285.739,3.5
11,38,613.633,1.63
11,39,484.184,2.065
11,40,382.118,2.617
11,41,442.062,2.262
11,42,449.245,2.226
11,43,464.766,2.152
11,44,465.635,2.148
11,45,365.299,2.737
11,46,506.809,1.973
11,47,418.939,2.387
11,48,469.924,2.128
11,49,457.42,2.186
11,50,384.879,2.598
11,51,437.957,2.283
11,52,414.941,2.41
11,53,436.081,2.293
11,54,525.731,1.902
11,55,409.587,2.441
11,56,438.294,2.282
11,57,292.521,3.419
11,58,338.194,2.957
11,59,452.163,2.212
11,60,320.365,3.121
11,61,405.853,2.464
11,62,407.151,2.456
11,63,387.882,2.578
11,64,412.251,2.426
11,65,419.586,2.383
11,66,472.431,2.117
11,67,535.442,1.868
11,68,467.433,2.139
11,69,360.986,2.77
11,70,338.415,2.955
11,71,482.317,2.073
11,72,302.499,3.306
11,73,326.505,3.063
11,74,389.582,2.567
11,75,342.77,2.917
11,76,386.993,2.584
11,77,497.711,2.009
11,78,394.348,2.536
11,79,383.064,2.611
11,80,448.96,2.227
11,81,581.512,1.72
11,82,377.267,2.651
11,83,393.81,2.539
11,84,354.026,2.825
11,85,550.961,1.815
11,86,295.99,3.378
11,87,393.232,2.543
11,88,442.514,2.26
11,89,386.929,2.584
11,90,483.265,2.069
11,91,428.81,2.332
11,92,350.61,2.852
11,93,385.36,2.595
11,94,392.334,2.549
11,95,422.451,2.367
11,96,378.885,2.639
11,97,373.239,2.679
11,98,415.086,2.409
11,99,328.986,3.04
11,100,485.59,2.059
11,101,403.275,2.48
11,102,481.745,2.076
11,103,354.218,2.823
11,104,305.675,3.271
11,105,377.785,2.647
11,106,414.541,2.412
11,107,373.101,2.68
11,108,579.019,1.727
11,109,380.398,2.629
11,110,465.851,2.147
11,111,384.285,2.602
11,112,391.811,2.552
11,113,495.715,2.017
11,114,348.286,2.871
11,115,379.105,2.638
11,116,448.274,2.231
11,117,384.867,2.598
11,118,393.594,2.541
11,119,490.527,2.039
11,120,350.336,2.854
11,121,396.603,2.521
11,122,371.308,2.693
11,123,350.597,2.852
11,124,466.68,2.143
11,125,527.302,1.896
11,126,371.414,2.692
11,127,514.62,1.943
11,128,456.632,2.19
11,129,459.357,2.177
11,130,329.003,3.039
11,131,359.667,2.78
11,132,367.36,2.722
11,133,487.549,2.051
11,134,312.194,3.203
11,135,423.852,2.359
11,136,518.903,1.927
11,137,442.982,2.257
11,138,384.427,2.601
11,139,473.476,2.112
11,140,583.129,1.715
11,141,400.247,2.498
11,142,391.416,2.555
11,143,310.225,3.223
11,144,415.243,2.408
11,145,310.566,3.22
11,146,508.885,1.965
11,147,318.156,3.143
11,148,522.509,1.914
11,149,445.087,2.247
11,150,339.201,2.948
11,151,210.488,4.751
12,1,360.132,2.777
12,2,438.198,2.282
12,3,385.708,2.593
12,4,403.126,2.481
12,5,430.604,2.322
12,6,298.682,3.348
12,7,336.34,2.973
12,8,367.304,2.723
12,9,434.413,2.302
12,10,335.683,2.979
12,11,338.275,2.956
12,12,432.361,2.313
12,13,507.619,1.97
12,14,371.538,2.692
12,15,375.027,2.666
12,16,372.247,2.686
12,17,360.634,2.773
12,18,341.992,2.924
12,19,448.089,2.232
12,20,430.831,2.321
12,21,435.176,2.298
12,22,306.983,3.258
12,23,336.625,2.971
12,24,365.774,2.734
12,25,393.056,2.544
12,26,512.711,1.95
12,27,384.344,2.602
12,28,482.87,2.071
12,29,526.619,1.899
12,30,407.977,2.451
12,31,393.781,2.539
12,32,357.462,2.797
12,33,387.726,2.579
12,34,284.538,3.514
12,35,496.323,2.015
12,36,411.8,2.428
12,37,541.225,1.848
12,38,414.017,2.415
12,39,459.061,2.178
12,40,411.712,2.429
12,41,390.6,2.56
12,42,436.295,2.292
12,43,400.022,2.5
12,44,491.556,2.034
12,45,359.854,2.779
12,46,519.419,1.925
12,47,595.425,1.679
12,48,533.738,1.874
12,49,374.632,2.669
12,50,422.784,2.365
12,51,352.122,2.84
12,52,313.262,3.192
12,53,343.07,2.915
12,54,437.212,2.287
12,55,313.812,3.187
12,56,657.766,1.52
12,57,365.227,2.738
12,58,467.831,2.138
12,59,337.0,2.967
12,60,340.044,2.941
12,61,595.488,1.679
12,62,348.631,2.868
12,63,320.463,3.12
12,64,503.052,1.988
12,65,406.152,2.462
12,66,404.758,2.471
12,67,369.707,2.705
12,68,420.143,2.38
12,69,368.595,2.713
12,70,377.016,2.652
12,71,336.961,2.968
12,72,386.712,2.586
12,73,505.129,1.98
12,74,374.231,2.672
12,75,402.937,2.482
12,76,416.934,2.398
12,77,482.921,2.071
12,78,425.203,2.352
12,79,438.624,2.28
12,80,391.448,2.555
12,81,617.065,1.621
12,82,468.405,2.135
12,83,383.557,2.607
12,84,506.52,1.974
12,85,421.002,2.375
12,86,485.352,2.06
12,87,339.129,2.949
12,88,401.478,2.491
12,89,520.301,1.922
12,90,474.022,2.11
12,91,457.99,2.183
12,92,446.193,2.241
12,93,329.105,3.039
12,94,461.773,2.166
12,95,346.797,2.884
12,96,376.918,2.653
12,97,398.313,2.511
12,98,371.254,2.694
12,99,396.978,2.519
12,100,525.357,1.903
12,101,346.913,2.883
12,102,394.763,2.533
12,103,535.049,1.869
12,104,519.608,1.925
12,105,444.32,2.251
12,106,354.132,2.824
12,107,575.012,1.739
12,108,324.111,3.085
12,109,602.836,1.659
12,110,489.925,2.041
12,111,455.973,2.193
12,112,436.146,2.293
12,113,477.135,2.096
12,114,430.727,2.322
12,115,501.444,1.994
12,116,457.689,2.185
12,117,511.068,1.957
12,118,439.06,2.278
12,119,375.388,2.664
12,120,344.874,2.9
12,121,459.034,2.178
12,122,434.044,2.304
12,123,406.414,2.461
12,124,413.271,2.42
12,125,430.551,2.323
12,126,459.666,2.175
12,127,430.238,2.324
12,128,440.119,2.272
12,129,446.498,2.24
12,130,405.43,2.467
12,131,490.335,2.039
12,132,467.574,2.139
12,133,643.102,1.555
12,134,586.214,1.706
12,135,355.258,2.815
12,136,423.744,2.36
12,137,428.525,2.334
12,138,417.753,2.394
12,139,494.835,2.021
12,140,375.142,2.666
12,141,388.856,2.572
12,142,582.832,1.716
12,143,426.06,2.347
12,144,480.311,2.082
12,145,457.051,2.188
12,146,311.314,3.212
12,147,279.157,3.582
12,148,156.556,6.387
12,149,99.58,10.042
12,150,34.848,28.696
12,151,36.45,27.435
13,1,291.594,3.429
13,2,428.601,2.333
13,3,395.358,2.529
13,4,363.02,2.755
13,5,383.451,2.608
13,6,316.893,3.156
13,7,343.878,2.908
13,8,400.015,2.5
13,9,389.844,2.565
13,10,332.443,3.008
13,11,311.585,3.209
13,12,468.597,2.134
13,13,489.803,2.042
13,14,490.543,2.039
13,15,371.482,2.692
13,16,433.349,2.308
13,17,319.087,3.134
13,18,469.154,2.131
13,19,422.667,2.366
13,20,378.147,2.644
13,21,211.643,4.725
13,22,257.623,3.882
13,23,351.802,2.843
13,24,382.678,2.613
13,25,476.421,2.099
13,26,341.933,2.925
13,27,478.59,2.089
13,28,268.522,3.724
13,29,415.669,2.406
13,30,374.403,2.671
13,31,412.002,2.427
13,32,279.951,3.572
13,33,368.541,2.713
13,34,444.031,2.252
13,35,249.75,4.004
13,36,304.671,3.282
13,37,450.816,2.218
13,38,423.07,2.364
13,39,522.372,1.914
13,40,411.154,2.432
13,41,473.45,2.112
13,42,496.497,2.014
13,43,339.754,2.943
13,44,440.731,2.269
13,45,361.567,2.766
13,46,452.57,2.21
13,47,454.36,2.201
13,48,459.709,2.175
13,49,484.575,2.064
13,50,430.423,2.323
13,51,344.01,2.907
13,52,366.731,2.727
13,53,477.099,2.096
13,54,473.63,2.111
13,55,355.963,2.809
13,56,403.185,2.48
13,57,364.581,2.743
13,58,369.074,2.709
13,59,509.787,1.962
13,60,434.678,2.301
13,61,331.366,3.018
13,62,393.459,2.542
13,63,631.782,1.583
13,64,321.102,3.114
13,65,457.136,2.188
13,66,433.513,2.307
13,67,333.411,2.999
13,68,394.1,2.537
13,69,419.973,2.381
13,70,349.737,2.859
13,71,343.34,2.913
13,72,418.487,2.39
13,73,457.607,2.185
13,74,588.262,1.7
13,75,408.762,2.446
13,76,312.533,3.2
13,77,425.173,2.352
13,78,443.779,2.253
13,79,358.187,2.792
13,80,409.067,2.445
13,81,472.089,2.118
13,82,402.785,2.483
13,83,617.914,1.618
13,84,486.378,2.056
13,85,381.767,2.619
13,86,396.713,2.521
13,87,401.998,2.488
13,88,439.465,2.275
13,89,504.045,1.984
13,90,553.528,1.807
13,91,452.86,2.208
13,92,512.89,1.95
13,93,438.355,2.281
13,94,362.066,2.762
13,95,439.128,2.277
13,96,368.854,2.711
13,97,383.985,2.604
13,98,581.562,1.72
13,99,413.571,2.418
13,100,497.488,2.01
13,101,547.881,1.825
13,102,376.116,2.659
13,103,339.069,2.949
13,104,464.407,2.153
13,105,446.074,2.242
13,106,367.459,2.721
13,107,396.064,2.525
13,108,397.324,2.517
13,109,468.902,2.133
13,110,461.025,2.169
13,111,424.184,2.357
13,112,468.72,2.133
13,113,500.611,1.998
13,114,383.65,2.607
13,115,484.951,2.062
13,116,446.628,2.239
13,117,446.503,2.24
13,118,336.228,2.974
13,119,368.847,2.711
13,120,435.929,2.294
13,121,426.809,2.343
13,122,400.404,2.497
13,123,386.975,2.584
13,124,516.234,1.937
13,125,451.871,2.213
13,126,363.236,2.753
13,127,386.088,2.59
13,128,436.822,2.289
13,129,413.857,2.416
13,130,435.612,2.296
13,131,519.559,1.925
13,132,468.436,2.135
13,133,290.751,3.439
13,134,383.377,2.608
13,135,327.787,3.051
13,136,276.521,3.616
13,137,374.452,2.671
13,138,350.448,2.853
13,139,336.745,2.97
13,140,379.413,2.636
13,141,495.601,2.018
13,142,501.676,1.993
13,143,398.703,2.508
13,144,290.755,3.439
13,145,474.642,2.107
13,146,385.13,2.597
13,147,361.81,2.764
13,148,393.447,2.542
13,149,388.927,2.571
13,150,432.689,2.311
13,151,375.423,2.664
14,1,332.653,3.006
14,2,432.775,2.311
14,3,391.246,2.556
14,4,331.545,3.016
14,5,393.923,2.539
14,6,369.131,2.709
14,7,364.147,2.746
14,8,404.671,2.471
14,9,449.419,2.225
14,10,369.483,2.706
14,11,443.931,2.253
14,12,307.365,3.253
14,13,270.554,3.696
14,14,276.943,3.611
14,15,345.215,2.897
14,16,275.862,3.625
14,17,349.441,2.862
14,18,309.544,3.231
14,19,497.499,2.01
14,20,415.842,2.405
14,21,379.405,2.636
14,22,328.101,3.048
14,23,351.926,2.842
14,24,445.608,2.244
14,25,464.245,2.154
14,26,424.098,2.358
14,27,469.183,2.131
14,28,392.287,2.549
14,29,404.006,2.475
14,30,298.271,3.353
14,31,576.759,1.734
14,32,490.006,2.041
14,33,295.873,3.38
14,34,436.765,2.29
14,35,351.611,2.844
14,36,517.309,1.933
14,37,469.151,2.132
14,38,538.788,1.856
14,39,321.772,3.108
14,40,539.983,1.852
14,41,423.357,2.362
14,42,360.868,2.771
14,43,326.095,3.067
14,44,407.544,2.454
14,45,521.604,1.917
14,46,363.659,2.75
14,47,513.377,1.948
14,48,473.34,2.113
14,49,467.057,2.141
14,50,433.496,2.307
14,51,320.308,3.122
14,52,305.038,3.278
14,53,392.568,2.547
14,54,283.81,3.523
14,55,409.498,2.442
14,56,345.189,2.897
14,57,336.098,2.975
14,58,331.823,3.014
14,59,455.437,2.196
14,60,485.657,2.059
14,61,421.764,2.371
14,62,403.511,2.478
14,63,393.609,2.541
14,64,318.814,3.137
14,65,360.1,2.777
14,66,355.344,2.814
14,67,419.462,2.384
14,68,439.547,2.275
14,69,355.739,2.811
14,70,392.059,2.551
14,71,462.239,2.163
14,72,387.635,2.58
14,73,439.193,2.277
14,74,291.64,3.429
14,75,333.81,2.996
14,76,490.558,2.038
14,77,546.077,1.831
14,78,263.978,3.788
14,79,397.308,2.517
14,80,400.486,2.497
14,81,435.871,2.294
14,82,549.292,1.821
14,83,342.087,2.923
14,84,475.426,2.103
14,85,322.206,3.104
14,86,375.053,2.666
14,87,383.797,2.606
14,88,263.885,3.79
14,89,390.114,2.563
14,90,401.326,2.492
14,91,411.196,2.432
14,92,375.018,2.667
14,93,378.167,2.644
14,94,394.247,2.536
14,95,400.698,2.496
14,96,419.944,2.381
14,97,425.107,2.352
14,98,343.891,2.908
14,99,459.88,2.174
14,100,404.174,2.474
14,101,391.787,2.552
14,102,455.898,2.193
14,103,438.762,2.279
14,104,372.134,2.687
14,105,487.974,2.049
14,106,251.927,3.969
14,107,559.777,1.786
14,108,338.434,2.955
14,109,458.292,2.182
14,110,353.183,2.831
14,111,396.953,2.519
14,112,449.815,2.223
14,113,399.298,2.504
14,114,318.411,3.141
14,115,418.838,2.388
14,116,432.861,2.31
14,117,372.942,2.681
14,118,492.444,2.031
14,119,405.109,2.468
14,120,377.437,2.649
14,121,328.597,3.043
14,122,484.34,2.065
14,123,387.269,2.582
14,124,544.506,1.837
14,125,543.361,1.84
14,126,391.713,2.553
14,127,566.767,1.764
14,128,291.145,3.435
14,129,311.353,3.212
14,130,451.88,2.213
14,131,443.011,2.257
14,132,387.721,2.579
14,133,338.589,2.953
14,134,499.793,2.001
14,135,349.303,2.863
14,136,446.408,2.24
14,137,431.902,2.315
14,138,448.97,2.227
14,139,370.566,2.699
14,140,296.164,3.377
14,141,381.581,2.621
14,142,433.431,2.307
14,143,402.032,2.487
14,144,514.151,1.945
14,145,490.618,2.038
14,146,439.385,2.276
14,147,426.682,2.344
14,148,480.922,2.079
14,149,354.25,2.823
14,150,361.449,2.767
14,151,334.655,2.988
15,1,355.864,2.81
15,2,272.918,3.664
15,3,369.912,2.703
15,4,298.14,3.354
15,5,395.444,2.529
15,6,412.178,2.426
15,7,440.313,2.271
15,8,337.323,2.965
15,9,410.344,2.437
15,10,451.113,2.217
15,11,271.9,3.678
15,12,452.659,2.209
15,13,420.073,2.381
15,14,338.05,2.958
15,15,436.795,2.289
15,16,415.335,2.408
15,17,355.271,2.815
15,18,380.284,2.63
15,19,533.756,1.874
15,20,385.749,2.592
15,21,350.476,2.853
15,22,303.938,3.29
15,23,338.895,2.951
15,24,333.482,2.999
15,25,455.612,2.195
15,26,408.484,2.448
15,27,338.886,2.951
15,28,472.49,2.116
15,29,468.543,2.134
15,30,394.698,2.534
15,31,353.775,2.827
15,32,363.111,2.754
15,33,360.867,2.771
15,34,410.97,2.433
15,35,447.386,2.235
15,36,426.596,2.344
15,37,403.67,2.477
15,38,489.965,2.041
15,39,413.688,2.417
15,40,316.979,3.155
15,41,392.811,2.546
15,42,383.407,2.608
15,43,465.714,2.147
15,44,351.279,2.847
15,45,427.898,2.337
15,46,380.888,2.625
15,47,444.334,2.251
15,48,369.603,2.706
15,49,430.659,2.322
15,50,396.518,2.522
15,51,337.577,2.962
15,52,343.436,2.912
15,53,546.476,1.83
15,54,414.007,2.415
15,55,314.89,3.176
15,56,396.747,2.521
15,57,476.806,2.097
15,58,462.46,2.162
15,59,512.093,1.953
15,60,451.886,2.213
15,61,419.736,2.382
15,62,389.954,2.564
15,63,327.583,3.053
15,64,327.537,3.053
15,65,485.986,2.058
15,66,331.22,3.019
15,67,448.963,2.227
15,68,358.617,2.788
15,69,458.826,2.179
15,70,503.186,1.987
15,71,510.025,1.961
15,72,366.079,2.732
15,73,473.114,2.114
15,74,446.325,2.241
15,75,397.081,2.518
15,76,395.908,2.526
15,77,545.77,1.832
15,78,367.709,2.72
15,79,444.606,2.249
15,80,345.7,2.893
15,81,405.751,2.465
15,82,468.337,2.135
15,83,450.764,2.218
15,84,357.956,2.794
15,85,444.893,2.248
15,86,426.495,2.345
15,87,422.679,2.366
15,88,315.575,3.169
15,89,508.752,1.966
15,90,358.786,2.787
15,91,354.079,2.824
15,92,387.842,2.578
15,93,437.203,2.287
15,94,303.405,3.296
15,95,338.891,2.951
15,96,402.883,2.482
15,97,476.448,2.099
15,98,477.7,2.093
15,99,474.57,2.107
15,100,388.505,2.574
15,101,371.027,2.695
15,102,548.366,1.824
15,103,364.898,2.74
15,104,469.003,2.132
15,105,227.439,4.397
15,106,387.711,2.579
15,107,411.777,2.428
15,108,394.783,2.533
15,109,449.842,2.223
15,110,522.323,1.915
15,111,390.834,2.559
15,112,361.105,2.769
15,113,429.909,2.326
15,114,415.999,2.404
15,115,343.065,2.915
15,116,430.305,2.324
15,117,616.713,1.621
15,118,476.925,2.097
15,119,556.984,1.795
15,120,334.734,2.987
15,121,419.499,2.384
15,122,351.937,2.841
15,123,309.518,3.231
15,124,357.122,2.8
15,125,424.924,2.353
15,126,264.831,3.776
15,127,385.39,2.595
15,128,415.596,2.406
15,129,379.147,2.638
15,130,579.787,1.725
15,131,405.146,2.468
15,132,503.38,1.987
15,133,422.521,2.367
15,134,438.37,2.281
15,135,402.587,2.484
15,136,465.604,2.148
15,137,489.504,2.043
15,138,363.982,2.747
15,139,513.407,1.948
15,140,400.952,2.494
15,141,391.561,2.554
15,142,434.915,2.299
15,143,430.27,2.324
15,144,407.56,2.454
15,145,587.095,1.703
15,146,414.783,2.411
15,147,413.937,2.416
15,148,571.73,1.749
15,149,422.216,2.368
15,150,412.944,2.422
15,151,275.415,3.631
16,1,270.791,3.693
16,2,419.546,2.384
16,3,567.763,1.761
16,4,455.181,2.197
16,5,401.931,2.488
16,6,353.55,2.828
16,7,326.038,3.067
16,8,302.759,3.303
16,9,331.647,3.015
16,10,412.057,2.427
16,11,388.494,2.574
16,12,256.334,3.901
16,13,313.129,3.194
16,14,252.544,3.96
16,15,404.964,2.469
16,16,358.016,2.793
16,17,391.005,2.558
16,18,336.137,2.975
16,19,412.185,2.426
16,20,532.566,1.878
16,21,405.487,2.466
16,22,559.111,1.789
16,23,368.781,2.712
16,24,419.096,2.386
16,25,465.227,2.149
16,26,440.786,2.269
16,27,356.369,2.806
16,28,421.925,2.37
16,29,416.386,2.402
16,30,525.691,1.902
16,31,455.082,2.197
16,32,347.957,2.874
16,33,528.468,1.892
16,34,391.214,2.556
16,35,339.469,2.946
16,36,425.761,2.349
16,37,438.244,2.282
16,38,395.811,2.526
16,39,597.549,1.674
16,40,437.965,2.283
16,41,360.662,2.773
16,42,377.745,2.647
16,43,355.008,2.817
16,44,478.864,2.088
16,45,459.153,2.178
16,46,350.452,2.853
16,47,394.66,2.534
16,48,429.877,2.326
16,49,380.767,2.626
16,50,389.183,2.569
16,51,354.346,2.822
16,52,409.46,2.442
16,53,397.921,2.513
16,54,439.852,2.273
16,55,439.376,2.276
16,56,368.339,2.715
16,57,501.335,1.995
16,58,306.273,3.265
16,59,428.967,2.331
16,60,393.568,2.541
16,61,472.385,2.117
16,62,425.578,2.35
16,63,444.456,2.25
16,64,342.062,2.923
16,65,363.806,2.749
16,66,281.04,3.558
16,67,360.214,2.776
16,68,341.201,2.931
16,69,422.262,2.368
16,70,463.538,2.157
16,71,462.724,2.161
16,72,350.075,2.857
16,73,505.892,1.977
16,74,429.465,2.328
16,75,342.657,2.918
16,76,471.71,2.12
16,77,475.759,2.102
16,78,388.036,2.577
16,79,624.993,1.6
16,80,367.714,2.72
16,81,364.158,2.746
16,82,330.089,3.029
16,83,436.158,2.293
16,84,341.185,2.931
16,85,519.529,1.925
16,86,505.471,1.978
16,87,470.908,2.124
16,88,434.519,2.301
16,89,427.883,2.337
16,90,340.428,2.937
16,91,377.11,2.652
16,92,439.767,2.274
16,93,486.739,2.054
16,94,544.362,1.837
16,95,481.825,2.075
16,96,374.765,2.668
16,97,411.092,2.433
16,98,374.445,2.671
16,99,369.913,2.703
16,100,422.897,2.365
16,101,500.144,1.999
16,102,390.571,2.56
16,103,386.827,2.585
16,104,486.636,2.055
16,105,337.914,2.959
16,106,473.482,2.112
16,107,402.415,2.485
16,108,375.396,2.664
16,109,394.0,2.538
16,110,304.126,3.288
16,111,575.812,1.737
16,112,398.729,2.508
16,113,509.594,1.962
16,114,503.388,1.987
16,115,507.445,1.971
16,116,416.849,2.399
16,117,504.113,1.984
16,118,424.151,2.358
16,119,479.821,2.084
16,120,299.264,3.342
16,121,457.742,2.185
16,122,373.693,2.676
16,123,376.485,2.656
16,124,396.387,2.523
16,125,511.334,1.956
16,126,405.494,2.466
16,127,385.606,2.593
16,128,427.289,2.34
16,129,221.576,4.513
16,130,442.801,2.258
16,131,407.247,2.456
16,132,428.548,2.333
16,133,416.695,2.4
16,134,509.208,1.964
16,135,506.056,1.976
16,136,649.879,1.539
16,137,381.575,2.621
16,138,485.601,2.059
16,139,369.108,2.709
16,140,438.794,2.279
16,141,425.258,2.352
16,142,342.724,2.918
16,143,514.558,1.943
16,144,372.687,2.683
16,145,419.291,2.385
16,146,374.067,2.673
16,147,522.146,1.915
16,148,394.437,2.535
16,149,362.302,2.76
16,150,269.968,3.704
16,151,262.386,3.811
17,1,557.932,1.792
17,2,424.29,2.357
17,3,389.32,2.569
17,4,486.679,2.055
17,5,398.57,2.509
17,6,377.502,2.649
17,7,376.853,2.654
17,8,372.54,2.684
17,9,318.064,3.144
17,10,410.957,2.433
17,11,346.77,2.884
17,12,427.454,2.339
17,13,329.668,3.033
17,14,403.839,2.476
17,15,520.615,1.921
17,16,337.746,2.961
17,17,417.438,2.396
17,18,439.532,2.275
17,19,471.064,2.123
17,20,353.067,2.832
17,21,497.194,2.011
17,22,443.018,2.257
17,23,424.021,2.358
17,24,462.013,2.164
17,25,409.913,2.44
17,26,338.242,2.956
17,27,320.528,3.12
17,28,275.906,3.624
17,29,436.126,2.293
17,30,453.528,2.205
17,31,461.167,2.168
17,32,385.064,2.597
17,33,447.886,2.233
17,34,536.971,1.862
17,35,389.797,2.565
17,36,492.195,2.032
17,37,382.93,2.611
17,38,411.688,2.429
17,39,393.526,2.541
17,40,353.015,2.833
17,41,374.98,2.667
17,42,398.352,2.51
17,43,332.591,3.007
17,44,233.817,4.277
17,45,436.292,2.292
17,46,300.232,3.331
17,47,546.395,1.83
17,48,456.965,2.188
17,49,422.387,2.367
17,50,425.38,2.351
17,51,367.077,2.724
17,52,553.308,1.807
17,53,514.476,1.944
17,54,321.364,3.112
17,55,398.543,2.509
17,56,400.66,2.496
17,57,451.085,2.217
17,58,402.135,2.487
17,59,552.821,1.809
17,60,343.804,2.909
17,61,403.433,2.479
17,62,316.114,3.163
17,63,430.37,2.324
17,64,464.953,2.151
17,65,416.234,2.402
17,66,440.454,2.27
17,67,429.406,2.329
17,68,359.903,2.779
17,69,442.764,2.259
17,70,438.256,2.282
17,71,436.164,2.293
17,72,478.203,2.091
17,73,455.561,2.195
17,74,495.693,2.017
17,75,277.851,3.599
17,76,413.59,2.418
17,77,485.497,2.06
17,78,659.609,1.516
17,79,394.615,2.534
17,80,327.746,3.051
17,81,367.829,2.719
17,82,388.164,2.576
17,83,392.181,2.55
17,84,332.079,3.011
17,85,332.76,3.005
17,86,464.15,2.154
17,87,357.246,2.799
17,88,345.975,2.89
17,89,417.482,2.395
17,90,426.382,2.345
17,91,470.568,2.125
17,92,295.507,3.384
17,93,447.115,2.237
17,94,464.459,2.153
17,95,374.594,2.67
17,96,441.197,2.267
17,97,271.13,3.688
17,98,412.736,2.423
17,99,445.222,2.246
17,100,373.342,2.679
17,101,330.309,3.027
17,102,409.706,2.441
17,103,422.695,2.366
17,104,435.741,2.295
17,105,429.646,2.327
17,106,358.721,2.788
17,107,413.148,2.42
17,108,365.227,2.738
17,109,379.357,2.636
17,110,486.217,2.057
17,111,362.938,2.755
17,112,471.269,2.122
17,113,376.267,2.658
17,114,375.328,2.664
17,115,398.999,2.506
17,116,373.46,2.678
17,117,514.471,1.944
17,118,455.738,2.194
17,119,442.506,2.26
17,120,364.703,2.742
17,121,405.118,2.468
17,122,418.549,2.389
17,123,531.585,1.881
17,124,586.577,1.705
17,125,430.19,2.325
17,126,553.63,1.806
17,127,420.247,2.38
17,128,426.808,2.343
17,129,511.115,1.957
17,130,500.78,1.997
17,131,370.564,2.699
17,132,463.333,2.158
17,133,400.444,2.497
17,134,468.126,2.136
17,135,406.277,2.461
17,136,295.049,3.389
17,137,488.783,2.046
17,138,348.404,2.87
17,139,427.497,2.339
17,140,409.891,2.44
17,141,495.653,2.018
17,142,332.636,3.006
17,143,364.004,2.747
17,144,510.198,1.96
17,145,574.346,1.741
17,146,527.607,1.895
17,147,399.773,2.501
17,148,537.205,1.861
17,149,410.405,2.437
17,150,310.208,3.224
17,151,266.098,3.758
18,1,352.849,2.834
18,2,485.086,2.061
18,3,337.978,2.959
18,4,412.021,2.427
18,5,454.916,2.198
18,6,324.584,3.081
18,7,404.124,2.474
18,8,443.158,2.257
18,9,340.767,2.935
18,10,343.711,2.909
18,11,406.757,2.458
18,12,345.426,2.895
18,13,221.03,4.524
18,14,359.932,2.778
18,15,406.949,2.457
18,16,458.565,2.181
18,17,384.917,2.598
18,18,493.929,2.025
18,19,348.348,2.871
18,20,377.928,2.646
18,21,364.891,2.741
18,22,371.947,2.689
18,23,449.145,2.226
18,24,425.144,2.352
18,25,524.466,1.907
18,26,287.312,3.481
18,27,417.852,2.393
18,28,526.319,1.9
18,29,376.627,2.655
18,30,361.814,2.764
18,31,386.884,2.585
18,32,451.951,2.213
18,33,283.695,3.525
18,34,414.462,2.413
18,35,371.658,2.691
18,36,338.204,2.957
18,37,512.661,1.951
18,38,467.576,2.139
18,39,383.765,2.606
18,40,433.252,2.308
18,41,372.056,2.688
18,42,397.996,2.513
18,43,355.557,2.812
18,44,322.193,3.104
18,45,279.907,3.573
18,46,360.084,2.777
18,47,355.935,2.81
18,48,496.511,2.014
18,49,347.078,2.881
18,50,346.803,2.883
18,51,505.245,1.979
18,52,432.54,2.312
18,53,358.235,2.791
18,54,315.831,3.166
18,55,391.669,2.553
18,56,492.356,2.031
18,57,571.231,1.751
18,58,388.057,2.577
18,59,377.096,2.652
18,60,494.624,2.022
18,61,471.095,2.123
18,62,365.172,2.738
18,63,312.263,3.202
18,64,403.852,2.476
18,65,354.231,2.823
18,66,314.061,3.184
18,67,412.678,2.423
18,68,446.759,2.238
18,69,487.988,2.049
18,70,349.251,2.863
18,71,500.399,1.998
18,72,312.905,3.196
18,73,354.324,2.822
18,74,355.304,2.814
18,75,344.177,2.905
18,76,443.314,2.256
18,77,434.125,2.303
18,78,357.82,2.795
18,79,400.996,2.494
18,80,427.029,2.342
18,81,487.994,2.049
18,82,314.499,3.18
18,83,423.472,2.361
18,84,450.412,2.22
18,85,429.511,2.328
18,86,427.975,2.337
18,87,527.265,1.897
18,88,354.621,2.82
18,89,426.43,2.345
18,90,487.902,2.05
18,91,564.202,1.772
18,92,361.605,2.765
18,93,412.765,2.423
18,94,466.354,2.144
18,95,384.563,2.6
18,96,406.541,2.46
18,97,414.871,2.41
18,98,641.634,1.559
18,99,345.866,2.891
18,100,487.676,2.051
18,101,413.93,2.416
18,102,368.74,2.712
18,103,307.348,3.254
18,104,412.197,2.426
18,105,486.668,2.055
18,106,276.958,3.611
18,107,433.214,2.308
18,108,360.178,2.776
18,109,490.945,2.037
18,110,410.33,2.437
18,111,416.471,2.401
18,112,379.545,2.635
18,113,408.539,2.448
18,114,416.677,2.4
18,115,438.523,2.28
18,116,318.964,3.135
18,117,389.327,2.569
18,118,570.113,1.754
18,119,397.377,2.516
18,120,400.659,2.496
18,121,387.158,2.583
18,122,372.129,2.687
18,123,406.226,2.462
18,124,366.843,2.726
18,125,438.989,2.278
18,126,365.737,2.734
18,127,515.163,1.941
18,128,431.19,2.319
18,129,419.504,2.384
18,130,470.287,2.126
18,131,321.902,3.107
18,132,401.081,2.493
18,133,310.104,3.225
18,134,470.2,2.127
18,135,285.432,3.503
18,136,569.756,1.755
18,137,387.024,2.584
18,138,545.613,1.833
18,139,503.008,1.988
18,140,482.604,2.072
18,141,346.625,2.885
18,142,549.655,1.819
18,143,503.877,1.985
18,144,444.44,2.25
18,145,377.742,2.647
18,146,645.767,1.549
18,147,500.686,1.997
18,148,463.849,2.156
18,149,410.047,2.439
18,150,361.262,2.768
18,151,452.634,2.209
19,1,519.064,1.927
19,2,315.786,3.167
19,3,506.999,1.972
19,4,391.572,2.554
19,5,419.38,2.384
19,6,327.494,3.053
19,7,291.807,3.427
19,8,497.925,2.008
19,9,436.62,2.29
19,10,305.369,3.275
19,11,419.454,2.384
19,12,401.595,2.49
19,13,349.996,2.857
19,14,459.734,2.175
19,15,423.348,2.362
19,16,335.092,2.984
19,17,262.088,3.816
19,18,183.321,5.455
19,19,483.124,2.07
19,20,276.735,3.614
19,21,525.494,1.903
19,22,352.735,2.835
19,23,344.583,2.902
19,24,374.754,2.668
19,25,307.102,3.256
19,26,393.169,2.543
19,27,332.207,3.01
19,28,542.309,1.844
19,29,388.398,2.575
19,30,502.898,1.988
19,31,390.67,2.56
19,32,410.925,2.434
19,33,518.233,1.93
19,34,382.131,2.617
19,35,371.868,2.689
19,36,385.289,2.595
19,37,454.736,2.199
19,38,387.53,2.58
19,39,483.605,2.068
19,40,470.86,2.124
19,41,401.729,2.489
19,42,370.011,2.703
19,43,304.829,3.281
19,44,398.027,2.512
19,45,383.282,2.609
19,46,304.882,3.28
19,47,398.853,2.507
19,48,447.699,2.234
19,49,483.257,2.069
19,50,433.412,2.307
19,51,474.615,2.107
19,52,428.043,2.336
19,53,464.254,2.154
19,54,409.733,2.441
19,55,346.109,2.889
19,56,307.565,3.251
19,57,481.486,2.077
19,58,334.565,2.989
19,59,389.573,2.567
19,60,479.632,2.085
19,61,445.631,2.244
19,62,441.705,2.264
19,63,334.679,2.988
19,64,325.117,3.076
19,65,429.408,2.329
19,66,373.647,2.676
19,67,395.07,2.531
19,68,398.659,2.508
19,69,379.911,2.632
19,70,447.548,2.234
19,71,369.721,2.705
19,72,435.05,2.299
19,73,471.096,2.123
19,74,390.998,2.558
19,75,394.982,2.532
19,76,435.231,2.298
19,77,362.77,2.757
19,78,477.658,2.094
19,79,205.87,4.857
19,80,403.373,2.479
19,81,384.012,2.604
19,82,470.819,2.124
19,83,289.338,3.456
19,84,387.666,2.58
19,85,423.087,2.364
19,86,476.779,2.097
19,87,541.139,1.848
19,88,409.049,2.445
19,89,425.304,2.351
19,90,513.221,1.948
19,91,385.164,2.596
19,92,484.791,2.063
19,93,424.571,2.355
19,94,513.934,1.946
19,95,367.968,2.718
19,96,312.693,3.198
19,97,435.22,2.298
19,98,484.628,2.063
19,99,493.168,2.028
19,100,347.834,2.875
19,101,398.732,2.508
19,102,432.755,2.311
19,103,373.439,2.678
19,104,395.382,2.529
19,105,467.557,2.139
19,106,389.651,2.566
19,107,399.665,2.502
19,108,491.785,2.033
19,109,362.915,2.755
19,110,309.885,3.227
19,111,411.483,2.43
19,112,561.364,1.781
19,113,452.868,2.208
19,114,346.65,2.885
19,115,453.84,2.203
19,116,553.745,1.806
19,117,396.201,2.524
19,118,353.607,2.828
19,119,420.515,2.378
19,120,494.518,2.022
19,121,405.761,2.465
19,122,402.976,2.482
19,123,475.916,2.101
19,124,375.387,2.664
19,125,516.823,1.935
19,126,437.777,2.284
19,127,513.729,1.947
19,128,453.322,2.206
19,129,401.222,2.492
19,130,444.835,2.248
19,131,426.884,2.343
19,132,545.393,1.834
19,133,397.456,2.516
19,134,482.545,2.072
19,135,545.514,1.833
19,136,457.793,2.184
19,137,423.063,2.364
19,138,443.038,2.257
19,139,439.957,2.273
19,140,424.224,2.357
19,141,441.631,2.264
19,142,372.616,2.684
19,143,387.037,2.584
19,144,346.597,2.885
19,145,344.654,2.901
19,146,521.125,1.919
19,147,421.984,2.37
19,148,531.641,1.881
19,149,470.536,2.125
19,150,298.647,3.348
19,151,206.701,4.838
